Student_ID,Age,Gender,Course,Attendance,Quiz_Score,Assignment_Score,Average_Score,Score_Category
1001,19.0,Male,BSIT,92.0,88.0,90.0,89.0,Good
1002,20.0,Female,BSIT,85.0,91.0,89.0,90.0,Excellent
1003,19.0,Female,BSCS,78.0,82.0,80.0,81.0,Good
1004,21.0,Male,BSCS,95.0,94.0,96.0,95.0,Excellent
1005,20.0,Female,BSEMC,88.0,88.0,91.0,89.5,Good
1006,20.0,Male,BSIT,75.0,79.0,77.0,78.0,Needs Improvement
1007,19.0,Female,BSEMC,90.0,93.0,92.0,92.5,Excellent
1008,22.0,Male,BSIT,68.0,72.0,70.0,71.0,Needs Improvement
1009,20.0,Female,BSCS,97.0,95.0,96.0,95.5,Excellent
1010,19.0,Male,BSIT,84.0,86.0,85.0,85.5,Good
1011,21.0,Female,BSCS,87.0,89.0,88.0,88.5,Good
1012,20.0,Male,BSEMC,91.0,90.0,92.0,91.0,Excellent
1013,19.0,Female,BSIT,76.0,80.0,78.0,79.0,Needs Improvement
1014,22.0,Male,BSCS,89.0,87.0,88.0,87.5,Good
1015,20.0,Female,BSEMC,93.0,94.0,95.0,94.5,Excellent
1016,19.0,Male,BSIT,81.0,79.0,88.0,83.5,Good
1017,21.0,Female,BSCS,86.0,90.0,88.0,89.0,Good
1018,20.0,Male,BSEMC,99.0,98.0,100.0,99.0,Excellent
1019,19.0,Female,BSIT,73.0,75.0,74.0,74.5,Needs Improvement
1020,21.0,Male,BSCS,87.0,85.0,86.0,85.5,Good
1021,20.0,Female,BSIT,91.0,89.0,90.0,89.5,Good
1022,19.0,Male,BSEMC,79.0,83.0,81.0,82.0,Good
1023,22.0,Female,BSCS,94.0,92.0,93.0,92.5,Excellent
1024,20.0,Male,BSIT,88.0,90.0,89.0,89.5,Good
1025,21.0,Female,BSEMC,82.0,84.0,83.0,83.5,Good
1026,19.0,Male,BSCS,90.0,91.0,90.0,90.5,Excellent
1027,20.0,Female,BSIT,77.0,76.0,78.0,77.0,Needs Improvement
1028,21.0,Male,BSEMC,85.0,87.0,86.0,86.5,Good
1029,20.0,Female,BSCS,96.0,94.0,95.0,94.5,Excellent
1030,19.0,Male,BSIT,71.0,74.0,72.0,73.0,Needs Improvement
1031,21.0,Female,BSEMC,89.0,91.0,90.0,90.5,Excellent
1032,20.0,Male,BSCS,83.0,85.0,84.0,84.5,Good
1033,19.0,Female,BSIT,92.0,93.0,92.0,92.5,Excellent
1034,22.0,Male,BSEMC,74.0,70.0,72.0,71.0,Needs Improvement
1035,20.0,Female,BSCS,98.0,97.0,99.0,98.0,Excellent
1036,19.0,Male,BSIT,80.0,82.0,81.0,81.5,Good
1037,21.0,Female,BSEMC,87.0,88.0,86.0,87.0,Good
1038,20.0,Male,BSCS,93.0,95.0,94.0,94.5,Excellent
1039,19.0,Female,BSIT,69.0,73.0,71.0,72.0,Needs Improvement
1040,21.0,Male,BSEMC,86.0,84.0,85.0,84.5,Good
1041,20.0,Female,BSCS,91.0,90.0,92.0,91.0,Excellent
1042,19.0,Male,BSIT,78.0,80.0,79.0,79.5,Needs Improvement
1043,22.0,Female,BSEMC,95.0,96.0,94.0,95.0,Excellent
1044,20.0,Male,BSCS,84.0,82.0,83.0,82.5,Good
1045,21.0,Female,BSIT,90.0,89.0,91.0,90.0,Excellent
1046,19.0,Male,BSEMC,72.0,75.0,73.0,74.0,Needs Improvement
1047,20.0,Female,BSCS,88.0,87.0,89.0,88.0,Good
1048,21.0,Male,BSIT,97.0,96.0,98.0,97.0,Excellent
1049,19.0,Female,BSEMC,81.0,83.0,82.0,82.5,Good
1050,20.0,Male,BSCS,89.0,90.0,88.0,89.0,Good
1051,20.0,Female,BSIT,87.0,92.0,91.0,91.5,Excellent
1052,19.0,Male,BSCS,87.0,85.0,82.0,83.5,Good
